Abidin,Crystal,,,,,,,,,,,,,2020,Meme factory cultures and content pivoting in Singapore and Malaysia during COVID-19,,Singapore,Malaysia,Article (Journal),,,Harvard Kennedy School Misinformation Review,,,,,,https://misinforeview.hks.harvard.edu/article/meme-factory-cultures-and-content-pivoting-in-singapore-and-malaysia-during-covid-19/,Meme factories,,,
Aharoni,Tali,,,,,,,,,,,,,2019,When High and Pop Culture (Re)Mix: An Inquiry into the Memetic Transformations of Artwork,,,,Article (Journal),,,New Media & Society,,,21,10,2283-2304,https://doi.org/10.1177/1461444819845917,Art,Aesthetics,Remix culture,
Applegate,Matt,Cohen,Jamie,,,,,,,,,,,2017,"Communicating Graphically: Mimesis, Visual Language, and Commodification as Culture",,,,Article (Journal),,,Cultural Politics,,,13,1,81-100,https://doi.org/10.1215/17432197-3755204,Art,Aesthetics,,
Ask,Kristine,Abidin,Crystal,,,,,,,,,,,2018,‘My Life Is a Mess: Self-Deprecating Relatability and Collective Identities in the Memification of Student Issues,,,,Article (Journal),,,"Information, Communication & Society ",,,21,6,834-50,https://doi.org/10.1080/1369118X.2018.1437204,Identity,Students,Self deprecating,
Benaim,Mickael,,,,,,,,,,,,,2018,From Symbolic Values to Symbolic Innovation: Internet-Memes and Innovation,,,,Article (Journal),,,Research Policy,,,47,5,901-10,https://doi.org/10/gdn35z,Memes as Capital,,,
Bolter,David J. ,Grusin,Richard A.,,,,,,,,,,,1999,Remediation: Understanding New Media,,,,Book,,,MIT Press,9780262522793,Cambridge,,,,,Art,Aesthetics,New Media,
Boudana,Sandrine,Frosh,Paul,Cohen,Akiba A.,,,,,,,,,2017,Reviving icons to death: when historic photographs become digital memes,,,,Article (Journal),,,"Media, Culture & Society",,,39,8,1210-1230,https://doi.org/10.1177/0163443717690818,Art,Aesthetics,Photography,
Bourlai,E.,Herring,S.,,,,,,,,,,,2014,"Multimodal Communication on Tumblr: "" I Have So Many Feels !""",Tumblr,,,Conference Proceedings,,,Proceedings of the 2014 ACM Conference on Web Scienc,,,,,171-75,https://doi.org/10.1145/2615569.2615697,Linguistics,Semiotics,,
Boxman-Shabtai,Lillian,Shifman,Limor,,,,,,,,,,,2015,When Ethnic Humour Goes Digital,,,,Article (Journal),,,New Media & Society,,,17,4,520-39,https://doi.org/10.1177/1461444813506972,Identity,Ethnic humour,,
Brantner,Cornelia,Lobinger,Katharina,Stehling,Miriam,,,,,,,,,2019,Memes against Sexism? A Multi-Method Analysis of the Feminist Protest Hashtag #distractinglysexy and Its Resonance in the Mainstream News Media,,,,Article (Journal),,,Convergence,,,26,3,,https://doi.org/10.1177/1354856519827804,Feminism,Gender,Protest,Resistance
Breheny,Caitlin,,,,,,,,,,,,,2017,"""By Any Memes Necessary"": Exploring the Intersectional Politics of Feminist Memes on Instagram",Instagram,,,MA Dissertation,,,"MA Dissertation, University of Uppsala",,,,,,,Feminism,Gender,Politics,Identity
Brodie,Richard,,,,,,,,,,,,,2009,Virus of the Mind: The New Science of the Meme,,,,Book,,,Hay House,,,,,,,Memes as Capital,,,
Brubaker,Pamela Jo,Church,Scott Haden,Hansen,Jared,Pelham,Steven,Ostler,Alison,,,,,2018,One Does Not Simply Meme about Organizations: Exploring the Content Creation Strategies of User-Generated Memes on Imgur,Imgur,,,Article (Journal),,,Public Relations Review,,,44,5,741-51,https://doi.org/10/gf8wfw,Memes as Capital,,,
Burton,Julian,,,,,,,,,,,,,2019,"Look at Us, We Have Anxiety: Youth, Memes, and the Power of Online Cultural Politic",,,,Article (Journal),,,Journal of Childhood Studies,,,,,3-17,https://doi.org/10/gf8762,Identity,Youth,Mental health,
Cannizzaro,Sara,,,,,,,,,,,,,2016,Internet Memes as Internet Signs: A Semiotic View of Digital Culture,,,,Article (Journal),,,Sign Systems Studies,,,44,4,562,https://doi.org/10.12697/SSS.2016.44.4.05,Linguistics,Semiotics,,
Castella,Tom De,Brown,Virginia,,,,,,,,,,,2011,Trolling: Who Does It and Why?,,,,Article (News),,,BBC,,,,,,https://www.bbc.com/news/magazine-14898564,Memes as Capital,Trolling and antagonism,,
Couldry,Nick,Mejias,Ulises Ali,,,,,,,,,,,2019,The Costs of Connection: How Data Is Colonizing Human Life and Appropriating It for Capitalism,,,,Book,,,Stanford University Press,,Stanford,,,,,Memes as Capital,Capitalism,,
Davison,Patrick,,,,,,,,,,,,,2012,The Language of Internet Memes,,,,Book Chapter,The Social Media Reader,Michael Mandiberg,New York University Press,,New York,,,120-34,,Linguistics,Semiotics,,
DeCook,Julia R.,,,,,,,,,,,,,2018,Memes and symbolic violence: #proudboys and the use of memes for propaganda and the construction of collective identity,,,,Article (Journal),,,"Learning, Media and Technology",,,43,4,485-504,https://doi.org/10.1080/17439884.2018.1544149,Identity,Far-right,Propoganda,Rhetoric
Denisova,Anastasia,,,,,,,,,,,,,2020,"Internet Memes and Society: Social Cultural, and Political Contexts",,,,Book,,,Routledge,,New York,,,,https://doi.org/10.4324/9780429469404,Identity,Memes as Capital,,
Diedrichsen,Elke,,,,,,,,,,,,,2013,Constructions as Memes–Interactional Function as Cultural Convention beyond the Words,,,,Book Chapter,"Beyond Words : Content, Context, and Inference","Frank Liedtke, Cornelia Schulze",Mouton Series on Pragmatics,,Boston,,,283-305,,Linguistics,Semiotics,,
Diedrichsen,Elke,,,,,,,,,,,,,2018,Cognitive Mechanisms and Emergent Grammatical Features in Internet Memes,,,,Article (Journal),,,Linguistics Beyond and Within,,,4,,22-37,,Linguistics,Semiotics,,
Diedrichsen,Elke,,,,,,,,,,,,,2019,On the Interaction of Core and Emergent Common Ground in Internet Memes,,,,Article (Journal),,,Internet Pragmatics,,,3,2,223-59,https://doi.org/10.1075/ip.00033.die,Linguistics,Semiotics,,
Dobson,A. S.,,,,,,,,,,,,,2015,Girls’ ‘Pain Memes’ on YouTube: The Production of Pain and Femininity in a Digital Network,YouTube,,,Book chapter,,,Ashgate ,9780367599690,Farnham,1,,,https://www-taylorfrancis-com.ezp.lib.cam.ac.uk/chapters/edit/10.4324/9781315545998-16/girls-pain-memes-youtube-production-pain-femininity-digital-network-amy-shields-dobson?context=ubx&refId=fa88805e-272b-455a-b2a7-d48e3c6bc47c,Feminism,Gender,Pain,
Dundes,Alan,,,,,,,,,,,,,1987,Cracking Jokes: Studies of Sick Humor Cycles & Stereotypes,,,,Book,,,Ten Speed Press,,Berkeley,,,,,Identity,Sick humour,,
Elleström,Lars,,,,,,,,,,,,,2014,Media Transformation: The Transfer of Media Characteristics among Media,,,,Book,,,Palgrave Macmillan,9781137474254,,,,,,Art,Aesthetics,Media,
Eschler,Jordan,Menking,Amanda,,,,,,,,,,,2018,"""No Prejudice Here"": Examining Social Identity Work in Starter Pack Memes",,,,Article (Journal),,,Social Media + Society ,,,4,2,,https://doi.org/10.1177/2056305118768811,Identity,Memes as Capital,Starter pack,
Fomin,Ivan,,,,,,,,,,,,,2019,"Memes, Genes, and Signs: Semiotics in the Conceptual Interface of Evolutionary Biology and Memetics",,,,Article (Journal),,,Semiotica,,,230,,327-40,https://doi.org/10/gf8wjr,Linguistics,Semiotics,,
Frazer,Ryan,Carlson,Bronwyn,,,,,,,,,,,2017,Indigenous Memes and the Invention of a People,,,,Article (Journal),,,Social Media + Society,,,3,4,,https://doi.org/10.1177/2056305117738993,Identity,Indigenous,Politics,
Friedberg,Anne,,,,,,,,,,,,,2009,The Virtual Window: From Alberti to Microsoft,,,,Book,,,MIT Press,9780262512503,Cambridge,,,,,Art,Aesthetics,,
Gal,Noam,Shifman,Limor,Kampf,Zohar,,,,,,,,,2016,"""It Gets Better"": Internet Memes and the Construction of Collective Identity",,,,Article (Journal),,,New Media & Society,,,18,8,1698-1714,https://doi.org/10.1177/1461444814568784,Identity,Mental health,LGBTQ+,
Gerges,Merray,,,,,,,,,,,,,2016,GothShakira: High Priestess of Dank Feminist Memery,Instagram,,,Interview,,,Canadian Art,,,,,,https://canadianart.ca/interviews/gothshakira-intersectional-feminist-memes/,Feminism,,,
Ging,Debbie,Garvey,Sarah,,,,,,,,,,,2018,"""Written in These Scars Are the Stories I Can’t Explain"": A Content Analysis of pro-Ana and Thinspiration Image Sharing on Instagram",Instagram,,,Article (Journal),,,New Media & Society,,,20,3,1181-1200,https://doi.org/10.1177/1461444816687288,Identity,Mental health,Pro-ana,
Gries,Laurie E. ,,,,,,,,,,,,,2015,Still Life with Rhetoric: A New Materialist Approach for Visual Rhetorics,,,,Book,,,University Press of Colorado,,,,,,https://muse.jhu.edu/book/38617,Art,Aesthetics,Rhetoric,
Guenther,Lars,Ruhmann,Georg,Bischoff,Jenny,Penzel,Tessa,Weber,Antonia,,,,,2020,Strategic Framing and Social Media Engagement: Analyzing Memes Posted by the German Identitarian Movement on Facebook,Facebook,Germany,,Article (Journal),,,Social Media + Society,,,6,1,,https://doi.org/10.1177/2056305119898777,Identity,,,
Hakoköngäs,Eemeli,Malmesvaara,Otto,Sakki,Inari,,,,,,,,,2020,Persuasion through bitter humor: Multimodal discourse analysis of rhetoric in internet memes of two far-right groups in Finland,,Finland,,Article (Journal),,,Social Media + Society,,,,,1-11,https://doi.org/10.1177/2056305120921575,Identity,Far-right,Rhetoric,Politics
Hardesty,Robby,Linz,Jess,Secor,Anna J.,,,,,,,,,2019,Walter Benja-Memes,,,,Article (Journal),,,GeoHumanities,,,5,2,496-513,https://doi.org/10.1080/2373566X.2019.1624188,Art,Aesthetics,Walter Benjamin,
Harlow,Summer,Rowlett,Jerrica Ty,Huse,Laura-Kate,,,,,,,,,2018,"""Kim Davis be like ... "": a feminist critique of gender humor in online political memes",,,,Article (Journal),,,"Information, Communication & Society ",,,23,7,1057-73,,Feminism,Politics,,
Harvie,David,Milburn,Keri,,,,,,,,,,,2018,"On the Uses of Fairy Dust: Contagion, Sorcery and the Crafting of Other Worlds",,,,Article (Journal),,,Culture and Organization,,,24,3,179-95,https://doi.org/10/gf8wfx,Identity,Mimetics,Capitalism,
Hockin-Boyers,Hester,Pope,Stacey,Kimberly,Jamie,,,,,,,,,2020,#gainingweightiscool: the use of transformation photos on Instagram among female weightlifters in recovery from eating disorders,Instagram,,,Article (Journal),,,"Qualitative Research in Sport, Exercise and Health",,,13,1,94-112,https://doi.org/10.1080/2159676X.2020.1836511,Feminism,,,
Huntington,Heidi E.,,,,,,,,,,,,,2013,Subversive Memes: Internet Memes as a Form of Visual Rhetoric,,,,Article (Journal),,,AoIR Selected Papers of Internet Research,,,,,,https://spir.aoir.org/ojs/index.php/spir/article/view/8886,Linguistics,Semiotics,Rhetoric,
Irvine,Martin,,,,,,,,,,,,,2015,Remix and the Dialogic Engine of Culture: A Model for Generative Combinatoriality,,,,Book Chapter,The Routledge Companion to Remix Studies,"Eduardo Navas, Owen Gallagher, Xtine Burrough",Routledge,,New York,,,15-41,,Art,Aesthetics,Remix culture,
Jenkins,Eric S.,,,,,,,,,,,,,2014,The Modes of Visual Rhetoric: Circulating Memes as Expressions,,,,Article (Journal) ,,,Quarterly Journal of Speech ,,,100,4,442-66,https://doi.org/10.1080/00335630.2014.989258,Art,Aesthetics,Rhetoric,
Jensen,Minna S.,Neumayer,Christina,Rossi,Luca,,,,,,,,,2020,"""Brussels Will Land on Its Feet like a Cat"": Motivations for Memefying #Brusselslockdown",,Europe,,Article (Journal),,,"Information, Communication & Society",,,23,1,59-75,https://doi.org/10.1080/1369118X.2018.1486866,Memes as Capital,,,
Jiang,Yaqian,Vásquez,Camilla,,,,,,,,,,,2019,Exploring Local Meaning-Making Resources: A Case Study of a Popular Chinese Internet Meme (Biaoqingbao),,China,,Article (Journal),,,Internet Pragmatics,,,3,2,260-82,https://doi.org/10/ggdjxs,Identity,Meaning-making,,
Johnson,Mo,,,,,,,,,,,,,2017,By Any Memes Necessary: This Art Exhibit Takes Feminist Internet Culture From URL To IRL,Instagram,,,Article (Digital Magazine),,,Bust,,,,,,https://bust.com/arts/19045-meme-art-exhibit.html,Art,Feminism,Gender,
Kanai,Akane,,,,,,,,,,,,,2016,"Sociality and Classification: Reading Gender, Race, and Class in a Humorous Meme",,,,Article (Journal),,,Social Media + Society,,,4,,,https://doi.org/10.1177/2056305116672884,Feminism,Gender,Class,Identity
Katz,Yuval,Shifman,Limor,,,,,,,,,,,2017,Making Sense? The Structure and Meanings of Digital Memetic Nonsense,,,,Article (Journal),,,"Information, Communication & Society ",,,20,6,825-42,https://doi.org/10.1080/1369118X.2017.1291702,Linguistics,Semiotics,,
Kilpinen,Erkki,,,,,,,,,,,,,2008,Memes versus Signs: On the Use of Meaning Concepts about Nature and Culture,,,,Article (Journal),,,Semiotica,,,171,,215-237,https://doi.org/10/bpdw2f,Linguistics,Semiotics,,
Lagerwey,Jorie,Nygaard,Taylor,,,,,,,,,,,2020,Tiger King’s Meme-Ification of White Grievance and the Normalization of Misogyny,,,,Article (Journal),,,"Communication, Culture and Critique",,,,,,https://doi.org/10/ghp32v,Feminism,Gender,Misogyny,White Grievance
Leskovec,Jure,Backstorm,Lars,Kleinberg,Jon,,,,,,,,,2009,Meme-Tracking and the Dynamics of the News Cycle,,,,Conference Proceedings,,,Proceedings of the 15th ACM SIGKDD International Conference on Knowledge Discovery and Data Mining,,New York,,,497-506,https://doi.org/10/dp59g8,Linguistics,Semiotics,,
Lind,Rebecca Ann,,,,,,,,,,,,,2019,"Race/Gender/Class/Media: Considering Diversity across Audiences, Content and Producers",,,,Book,,,Routledge,,Abingdon,,,,,Feminism,Gender,Race,Class
Literat,Loana,Kligler-Vilenchik,Neta,,,,,,,,,,,2019,Youth Collective Political Expression on Social Media: The Role of Affordances and Memetic Dimensions for Voicing Political Views,,,,Article (Journal),,,New Media & Society ,,,21,9,1988-2009,https://doi.org/10.1177/1461444819837571,Identity,Memes as Capital,Politics,
Literat,Loana,Van Den Berg,Sarah,,,,,,,,,,,2019,"Buy Memes Low, Sell Memes High: Vernacular Criticism and Collective Negotiations of Value on Reddit’s MemeEconomy",Reddit,,,Article (Journal),,,"Information, Communication & Society",,,22,2,232-49,https://doi.org/10.1080/1369118X.2017.1366540,Memes as Capital,Rhetoric,,
Manovich,Lev,,,,,,,,,,,,,2001,The Language of New Media,,,,Book,,,MIT Press,9780262133746,Cambridge,,,,,Art,Aesthetics,New Media,
Manovich,Lev,,,,,,,,,,,,,2013,Software Takes Command: Extending the Language of New Media,,,,Book,,,Bloomsbury,9781623568177,New York,,,,https://www.academia.edu/542750/Software_Takes_Command,Art,Aesthetics,New Media,
Manovich,Lev,,,,,,,,,,,,,2020,Cultural Analytics,,,,Book,,,MIT Press,,Cambridge,,,,,Art,Aesthetics,,
Marciszewski,Mark,,,,,,,,,,,,,2020,The Problem of Modern Monetization of Memes: How Copyright Law Can Give Protection to Meme Creators,,,,Article (Journal),,,"Pace Intellectual Property, Sports & Entertainment Law Forum",,,9,61,,,Memes as Capital,Copyright,Law,
Massanari,Adrienne,,,,,,,,,,,,,2019,"""Come for the Period Comics. Stay for the Cultural Awareness"": Reclaiming the Troll Identity through Feminist Humor on Reddit’s /r/TrollXChromosomes",Reddit,,,Article (Journal),,,Feminist Media Studies,,,19,1,19-37,https://doi.org/10.1080/14680777.2017.1414863,Feminism,Gender,Trolling and antagonism,
Massanari,Adrienne,Chess,Shira,,,,,,,,,,,2018,Attack of the 50-foot social justice warrior: The discursive construction of SJW memes as monstrous feminine,,,,Article (Journal),,,Feminist Media Studies,,,18,4,525-42,https://doi.org/10.1080/14680777.2018.1447333,Feminism,Gender,Social Justice Warrior,Politics
Matalon,Lee J.,,,,,,,,,,,,,2019,Modern Problems Require Modern Solutions: Internet Memes and Copyright,,,,Article (Journal),,,Texas Law Review,,,98,405,,,Memes as Capital,Copyright,Law,
Matley,David,,,,,,,,,,,,,2018,"‘This Is NOT a #humblebrag, This Is Just a #brag’: The Pragmatics of Self-Praise, Hashtags and Politeness in Instagram Posts",Instagram,,,Article (Journal),,,"Discourse, Context & Media ",,,22,,30-8,https://doi.org/10/gdcbbq,Linguistics,Semiotics,Memes as Capital,Hashtags
Merrill,Lisa,,,,,,,,,,,,,1988,Feminist Humour: Rebellious and Self-affirming,,,,Article (Journal),,,Women's Studies,,,15,4,271-80,https://doi.org/10.1080/00497878.1988.9978732,Feminism,Gender,Protest,Resistance
Mielczarek,Natalia,Hopkins,W. Wat,,,,,,,,,,,2020,"Copyright, Transformativeness, and Protection for Internet Memes",,,,Article (Journal),,,Journalism & Mass Communicaton Quarterly,,,98,1,37-58,https://doi.org/10/ghcnfh,Memes as Capital,Copyright,Law,
Milner,Ryan M.,,,,,,,,,,,,,2016,The World Made Meme: Public Conversations and Participatory Media,,,,Book,,,MIT Press,,Cambridge,,,,,Memes as Capital,,,
Miltner,Kate,,,,,,,,,,,,,2014,"""There’s No Place for Lulz on LOLCats"": The Role of Genre, Gender, and Group Identity in the Interpretation and Enjoyment of an Internet Meme",,,,Article (Journal),,,First Monday,,,19,8,,https://doi.org/10.5210/fm.v19i8.5391,Feminism,Gender,LOLCats,Identity
Navas,Eduardo,,,,,,,,,,,,,2012,Remix Theory: The Aesthetics of Sampling,,,,Book,,,Springer,9783990434994,New York,,,,,Art,Aesthetics,Remix culture,
Navas,Eduardo,,,,,,,,,,,,,2013,Modular Complexity and Remix: The Collapse of Time and Space into Search,,,,Article (Journal),,,Anthrovision,,,1,1,,https://doi.org/10.4000/anthrovision.324,Art,Aesthetics,Remix culture,
Negra,Diane,Leyda,Julia,,,,,,,,,,,2020,Querying ‘Karen’: The Rise of the Angry White Woman,,,,Article (Journal),,,European Journal of Cultural Studies,,,,,,https://doi.org/10/gg8t8r,Feminism,Gender,Karen,
Nissenbaum,Asaf,Shifman ,Limor,,,,,,,,,,,2018,Meme Templates as Expressive Repertoires in a Globalizing World: A Cross-Linguistic Study,,,,Article (Journal),,,Journal of Computer-Mediated Communication,,,23,5,294-310,https://doi.org/10.1093/jcmc/zmy016,Linguistics,Semiotics,Templates,
Nissenbaum,Asaf,Shifman,Limor,,,,,,,,,,,2017,Internet Memes as Contested Cultural Capital: The Case of 4chan’s /b/ Board,4chan,,,Article (Journal),,,New Media & Society,,,19,4,483-501,https://doi.org/10.1177/1461444815609313,Memes as Capital,,,
Oakley,Abigail,,,,,,,,,,,,,2016,Disturbing Hegemonic Discourse: Nonbinary Gender and Sexual Orientation Labeling on Tumblr,Tumblr,,,Article (Journal),,,Social Media + Society,,,2,3,,https://doi.org/10.1177/2056305116664217,Identity,Feminism,Gender,
Paßmann,Johannes,Schubert,Cornelius,,,,,,,,,,,2020,Liking as Taste Making: Social Media Practices as Generators of Aesthetic Valuation and Distinction,,,,Article (Journal),,,New Media & Society,,,,,,https://doi.org/10.1177/146144482093945,Memes as Capital,,,
Peck,Andrew,Good,Katie Day,,,,,,,,,,,2020,When Paper Goes Viral: Handmade Signs as Vernacular Materiality in Digital Space,,,,Article (Journal),,,International Journal of Communication,,,14,23,,https://ijoc.org/index.php/ijoc/article/view/10965,Feminism,Gender,Analog memes,
Penney,Joel,,,,,,,,,,,,,2019,‘It’s So Hard Not to Be Funny in This Situation’: Memes and Humor in U.S. Youth Online Political Expression.,,US,,Article (Journal),,,Television & New Media,,,,,,https://doi.org/10/ggcvgd,Identity,Rhetoric,Politics,
Perreault,Gregory,Ferrucci,Patrick,,,,,,,,,,,2019,"Punishing Brady, redeeming Brady: a fantasy theme analysis of memes from the 2015 Deflategate controversy",,,,Article (Journal),,,Atlantic Journal of Communication,,,27,3,153-68,https://doi.org/10.1080/15456870.2019.1610761,Identity,,,
Phillips,Whitney,Milner,Ryan M.,,,,,,,,,,,2017,"The Ambivalent Internet: Mischief, Oddity, and Antagonism Online",,,,Book,,,Polity ,,Cambridge,,,,,Memes as Capital,Trolling and antagonism,,
Procházka,Ondřej,,,,,,,,,,,,,2019,Chronotopic Representations as an Effect of Individuation: The Case of the European Migrant Crisis,,Europe,,Article (Journal),,,Language in Society,,,,,1-27,https://doi.org/10/ggc3qp,Identity,Migration,,
Procházka,Ondřej,,,,,,,,,,,,,2018,A Chronotopic Approach to Identity Performance in a Facebook Meme Page,Facebook,,,Article (Journal),,,"Discourse, Context & Media ",,,25,,78-87,https://doi.org/10/gf8wg5,Identity,,,
Rentschler,Carrie,Thrift,Samantha C.,,,,,,,,,,,2015,Doing Feminism in the Network: Networked Laughter and the ‘Binders Full of Women’ Meme,,,,Article (Journal),,,Feminist Theory,,,16,3,329-59,https://doi.org/10/f7z3wh,Feminism,Gender,,
Retallack,Hanna,Ringrose,Jessica,Lawrence,Emilie,,,,,,,,,2016,"""Fuck Your Body Image"": Teen Girls’ Twitter and Instagram Feminism in and Around School",Instagram,,,Book Chapter,Learning Bodies,"Julia Coffey, Shelley Budgeon, Helen Cahil",Springer,,Singapore,,,85-103,https://doi.org/10.1007/978-981-10-0306-6_6,Feminism,Gender,Body image,
Saper,Craig,,,,,,,,,,,,,2001,Networked Art,,,,Book,,,University of Minnesota Press,9780816637072,Minneapolis,,,,https://www.upress.umn.edu/book-division/books/networked-art,Art,Aesthetics,New Media,
Scavnicky,Ryan,,,,,,,,,,,,,2020,Memes Memes the Relatable Fruit,,,,Article (Journal),,,"Pidgin, Princeton University School of Architecture",,,26,,,,Architecture,,,
Schonig,Jordan,,,,,,,,,,,,,2020,"""Liking"" as Creating: On Aesthetic Category Memes",,,,Article (Journal),,,New Media & Society ,,,22,1,26-48,https://doi.org/10.1177/1461444819855727,Art,Aesthetics,,
Seta,Gabriele De,,,,,,,,,,,,,2016,Neither Meme nor Viral: The Circulationist Semiotics of Vernacular Content,,,,Article (Journal),,,Lexia: Rivista Di Semiotica,,,,,,https://doi.org/10.4399/978882550315926,Linguistics,Semiotics,,
Shifman,Limor,,,,,,,,,,,,,2014,The Cultural Logic of Photo-Based Meme Genres ,,,,Article (Journal) ,,,Journal of Visual Culture,,,13,3,340-358,https://doi.org/10.1177/1470412914546577,Art,Aesthetics,Genres,
Shifman,Limor,Lemish,Dafna,,,,,,,,,,,2011,"""Mars and Venus"" in Virtual Space: Post-Feminist Humor and the Internet",,,,Article (Journal),,,Critical Studies in Media Communication,,,28,3,253-73,https://doi.org/10.1080/15295036.2010.522589,Feminism,Gender,Post-feminism,
Smith,Christopher,,,,,,,,,,,,,2019,Weaponized iconoclasm in Internet memes featuring the expression ‘Fake News',,,,Article (Journal),,,Discourse & Communication,,,13,3,303-19,https://doi.org/10.1177/1750481319835639,Linguistics,Semiotics,Trolling and antagonism,
Sobande,Francesca,,,,,,,,,,,,,2019,"Memes, Digital Remix Culture and (Re)Mediating British Politics and Public Life",,UK,,Article (Journal),,,IPPR Progressive Review,,,26,2,151-60,https://doi.org/10.1111/newe.12155,Identity,Politics,Remix culture,
Sonvilla-Weiss,Stefan,,,,,,,,,,,,,2015,Good Artists Copy; Great Artists Steal: Reflections on Cut-Copy-Paste Culture,,,,Book Chapter,The Routledge Companion to Remix Studies,"Eduardo Navas, Owen Gallagher, Xtine Burrough",Routledge,,New York,,,54-63,,Art,Aesthetics,Remix culture,
Tamás,Polgár,,,,,,,,,,,,,2005,Freax: The Brief History of the Computer Demoscene,,,,Book,,,CSW-Verlag,9783981049404,Winnenden,,,,,Art,Aesthetics,,
Tiidenberg,Katrin,Whelan,Andrew,,,,,,,,,,,2017,Sick Bunnies and Pocket Dumps: ‘Not-Selfies’ and the Genre of Self-Representation,,,,Article (Journal),,,Popular Communication,,,15,2,141-53, https://doi.org/10/ggbs47,Identity,Selfies,Genres,
Tuters,Marc,Hagen,Sal,,,,,,,,,,,2020,(((They))) Rule: Memetic Antagonism and Nebulous Othering on 4chan,4chan,,,Article (Journal),,,New Media & Society,,,22,12,2218-37,https://doi.org/10.1177/1461444819888746,Identity,Trolling and antagonism,,
Varis,Piia,Blommaert,Jan,,,,,,,,,,,2015,"Conviviality and Collectives on Social Media: Virality, Memes, and New Social Structures",,,,Article (Journal),,,Multilingual Margins: A Journal of Multilingualism from the Periphery,,,2,1,31-45,https://doi.org/10/ggff7p,Identity,Virality,,
Voigts,Eckhart,,,,,,,,,,,,,2017,"Memes and Recombinant Appropriation: Remix, Mashup, Parody",,,,Book Chapter,The Oxford Handbook of Adaptation Studies,Thomas M. Leitch,Oxford University Press,,New York,,,286-302,,Art,Aesthetics,Remix culture,
Voigts-Virchow,Eckhart,,,,,,,,,,,,,2017,"Memes, GIFs, and Remix Culture: Compact Appropriation in Everyday Digital Life",,,,Book Chapter,The Routledge Companion to Adaptation,"Dennis R. Cutchins, Katja Krebs, Eckart Voigts-Virchow",Routledge,,New York,,,390-403,,Art,Aesthetics,Remix culture,GIFs
Waters,Angela,,,,,,,,,,,,,2019,"This Insider Meme Account Mercilessly Trolls the Art World: Artists, Collectors and Especially Gallery Interns Are Not Safe from the Satire of @jerrygogosian",,,,Article (Digital Magazine),,,Sleek-Mag,,,,,,https://www.sleek-mag.com/article/jerry-gogosian/,Art,,,
West,Joel,,,,,,,,,,,,,2020,"The Selfish Meme: Dawkins, Peirce, Freud",,,,Article (Journal),,,Semiotica,,,,,,https://doi.org/10/ghgchn,Linguistics,Semiotics,,
Wiggins,Bradley E.,Bowers,G Bret,,,,,,,,,,,2015,Memes as Genre: A Structurational Analysis of the Memescape,,,,Article (Journal),,,New Media & Society,,,17,11,1886-1906,https://doi.org/10.1177/1461444814535194,Art,Aesthetics,Genres,
Wiggins,Bradley E.,,,,,,,,,,,,,2020,Boogaloo and Civil War 2: Memetic Antagonism in Expressions of Covert Activism,,US,,Article (Journal),,,New Media & Society,,,,,,https://doi.org/10.1177/1461444820945317,Identity,Trolling and antagonism,Politics,
Williams,Amanda,Oliver,Clio,Aumer,Katherine,Meyers,Chanel,,,,,,,2016,Racial microaggressions and perceptions of internet memes,,,,Article (Journal),,,Computers in Human Behaviour,,,63,,424-34,http://dx.doi.org/10.1016/j.chb.2016.05.067,Identity,Race,,
Yang,Guobin,Jiang,Min,,,,,,,,,,,2015,The Networked Practice of Online Political Satire in China: Between Ritual and Resistance,,China,,Article (Journal),,,International Communication Gazette,,,77,3,215-31,https://doi.org/10.1177/1748048514568757,Memes as Capital,Resistance,Protest,
Yus,Francisco,,,,,,,,,,,,,2018,Identity-Related Issues in Meme Communication,,,,Article (Journal),,,Internet Pragmatics,,,1,1,113-33,https://doi.org/10/gf8wff,Identity,,,
Yus,Francisco,,,,,,,,,,,,,2019,Multimodality in Memes: A Cyberpragmatic Approach,,,,Book Chapter,Analyzing Digital Discourse: New Insights and Future Directions,"Patricia Bou-Franch, Pilar Garcés-Conejos Blitvich",Springer International Publishing,,,,,205-31,https://doi.org/10.1007/978-3-319-92663-6_4,Linguistics,Semiotics,,
Yus,Francisco,,,,,,,,,,,,,2018,Positive Non-Humorous Effects of Humor on the Internet,,,,Book Chapter,The Dynamics of Interactional Humor: Creating and negotiating humor in everyday encounters,"Villy Tsakona, Jan Chovane",John Benjamins Publishing Company,,,,,283-304,https://doi.org/10.1075/thr.7,Linguistics,Semiotics,,
Yus,Francisco,,,,,,,,,,,,,2019,Pragmatics of Humour in Memes in Spanish,,,,Article (Journal),,,Spanish in Context,,,18,1,113-35,https://doi.org/10.1075/sic.00070.yus,Linguistics,Semiotics,,
Zeng,Jing,Abidin,Crystal,,,,,,,,,,,2021,"‘#OkBoomer, time to meet the Zoomers’: studying the memefication of intergenerational politics on TikTok",TikTok,,,Article (Journal),,,"Information, Communication & Society",,,0,0,1-23,https://doi.org/10.1080/1369118X.2021.1961007,Identity,Generational politics,,
Zulli,Diana,Zulli,David James,,,,,,,,,,,2020,Extending the Internet meme: Conceptualizing technological mimesis and imitation publics on the TikTok platform,TikTok,,,Article (Journal),,,New Media & Society,,,0,0,1-19,https://doi.org/10.1177/1461444820983603,Memes as Capital,,,
Aguilar,Gabrielle K.,Campbell,Heidi A.,Stanley,Mariah,Taylor,Ellen,,,,,,,2017,Communicating Mixed Messages about Religion through Internet Memes,,,,Article (Journal),,,"Information, Communication & Society",,,20,10,1498-1520,https://doi.org/10.1080/1369118X.2016.1229004,Religion,,,
Anderson,C.W.,Revers,Matthias,,,,,,,,,,,2018,From Counter-Power to Counter-Pepe: The Vagaries of Participatory Epistemology in a Digital Age,,,,Article (Journal),,,Media and Communication,,,6,4,24,https://doi.org/10.17645/mac.v6i4.1492,Politics,Trolling and antagonism,Pepe,
Aunger,Robert,,,,,,,,,,,,,2000,Darwinizing Culture: The Status of Memetics as a Science,,,,Book,,,Oxford University Press,,New York,,,,,Memetics,,,
Bayerl,Petra Saskia,Stoynov,Lachezar,,,,,,,,,,,2016,Revenge by Photoshop: Memefying Police Acts in the Public Dialogue about Injustice,,,,Article (Journal),,,New Media & Society,,,18,6,1006-1026,https://doi.org/10.1177/1461444814554747,Troling and antagonism,Resistance,Injustice,
Campbell,Heidi E.,Arredondo,Katherine,Dundas,Katie,Wolf,Cody,,,,,,,2018,"The Dissonance of ""Civil"" Religion in Religious-Political Memetic Discourse During the 2016 Presidential Elections",,US,,Article (Journal),,,Social Media + Society,,,4,2,1-15,https://doi.org/10.1177/2056305118782678,Religion,Politics,Elections,
Cao,Rosa,,,,,,,,,,,,,2020,Crowding Out Memetic Explanation,,,,Article (Journal),,,Philosophy of Science,,,87,5,1160-1171,https://doi.org/10/gg4shj ,Memetics,Philosophy of science,,
Castaño,Díaz,Mauricio,Carlos,,,,,,,,,,,2013,Defining and characterizing the concept of Internet Meme,,,,Article (Journal),,,Revista CES Psicología,,,6,2,82-104,https://www.redalyc.org/pdf/4235/423539422007.pdf,Memetics,Definitions,,
Casey,Ashley,,,,,,,,,,,,,2019,The role of internet memes in shaping young people’s health-related social media interactions,,,,Book Chapter,"Young People, Social Media and Health","Victoria A. Goodyear, Kathleen M. Armour",Routledge,9780367664671,London,,,162-176,,Youth,Health,Social media,
Chonka,Peter,,,,,,,,,,,,,2019,The Empire Tweets Back? #HumanitarianStarWars and Memetic Self-Critique in the Aid Industry,,,,Article (Journal),,,Social Media + Society,,,5,4,1-13, https://doi.org/10.1177/2056305119888655,Twitter,Humanitarianism,,
Chun,Wendy Hui Kyong,,,,,,,,,,,,,2016,Updating to Remain the Same: Habitual New Media,,,,Book,,,MIT Press,9780262534727,Cambridge,,,,,New media,,,
Davies,Christie,,,,,,,,,,,,,2011,Jokes and Targets,,,,Book,,,Indiana University Press,9780253223029,Bloomington ,,,,,Humour,Jokes,Trolling and antagonism,Sociology of humour
Davison,Corey B.,Glantz,Mark,Novak,David R.,,,,,,,,,2016,"You Can't Run Your SUV on Cute. Let's Go!"": Internet Memes as Delegitimizing Discourse",,,,Article (Journal),,,Environmental Communication,,,10,1,62-83,https://doi.org/10.1080/17524032.2014.991411,Environment,Discourse,,
Duerringer,Christopher M.,,,,,,,,,,,,,2016,Who Would Jesus Bomb? The Republican Jesus Meme and the Fracturing of Ideology,,US,,Article (Journal),,,Social Media + Society,,,2,1,1-12,https://doi.org/10.1177/2056305116637095,Religion,Ideology,,
Duncan,Pansy,,,,,,,,,,,,,2017,"""I drink liberal tears"": genre, desire and the leaky liberal body",,US,,Commentary and Criticism,,,Feminist Media Studies,,,17,3,516-520,https://doi.org/10.1080/14680777.2017.1304718,Ideology,Liberalism,Genre,Trolling and antagonism
Ernst,Wolfgang,,,,,,,,,,,,,2012,Digital Memory and the Archive,,,,Book,,Jussi Parikka,University of Minnesota Press,9780816677672,Minneapolis,,,,,Digital culture,Media theory,New media,Media archeaology
Fang,Kecheng,,,,,,,,,,,,,2020,Turning a Communist Party Leader into an Internet Meme: The Political and Apolitical Aspects of China’s Toad Worship Culture,,China,,Article (Journal),,,"Information, Communication & Society",,,23,1,38-58,https://doi.org/10.1080/1369118X.2018.1485722,Politics,,,
Highfield,Tim,,,,,,,,,,,,,2016,News via Voldemort: Parody Accounts in Topical Discussions on Twitter,Twitter,,,Article (Journal),,,New Media & Society,,,18,9,2028-2045,https://doi.org/10.1177/1461444815576703,Parody,Trolling and antagonism,Social media,Fan studies
Holowka,Eileen Mary,,,,,,,,,,,,,2018,The Post and the Grab: Instagram Memes and Affective Labour,Instagram,,,Book chapter,Youth Mediations and Affective Relations,"Susan Driver, Natalie Coulter",Palgrave Macmillan,9783319989716,,,,155-174,https://doi.org/10.1007/978-3-319-98971-6_10,Affect,Labour,Affective labour,
Hull,David L.,,,,,,,,,,,,,1982,The Naked Meme,,,,Book chapter,"Learning, Development and Culture: Essays in Evolutionary Epistemology",H.C. Plotkin,Wiley-Blackwell,9780471102199,,,,,,Memetics,Epistemology,Evolution,
Huntington,Heidi E.,,,,,,,,,,,,,2020,Partisan cues and internet memes: Early evidence for motivated skepticism in audience message processing of spreadable political media,,,,Article (Journal),,,Atlantic Journal of Communication,,,28,3,194-208,https://doi.org/10.1080/15456870.2019.1614589,Politics,Partisanship,Skepticism,
Huntington,Heidi E.,,,,,,,,,,,,,2016,Pepper Spray Cop and the American Dream: Using Synecdoche and Metaphor to Unlock Internet Memes,,US,,Article (Journal),,,Communication Studies,,,67,1,77-93,https://doi.org/10.1080/10510974.2015.1087414,Politics,Rhetoric,Visual rhetoric,Synecdoche
Jennings,Rebecca,,,,,,,,,,,,,2019,Leftist Memes Are Everywhere on Instagram. Now Their Creators Are Unionizing,Instagram,,,Article (Digital Magazine),,,Vox,,,,,,https://www.vox.com/the-goods/2019/4/22/18507941/instagram-meme-union,Leftist politics,Politics,Unionism,Leftist memes
Johnson,Mo,,,,,,,,,,,,,2017,By Any Memes Necessary: This Art Exhibit Takes Feminist Internet Culture From URL To IRL,,,,Article (Digital Magazine),,,Bust,,,,,,https://bust.com/arts/19045-meme-art-exhibit.html,Feminism,Art,Digital culture,
Kligler-Vilenchik,Neta,Thorson,Kjerstin,,,,,,,,,,,2016,"Good Citizenship as a Frame Contest: Kony2012, Memes, and Critiques of the Networked Citizen",,,,Article (Journal),,,New Media & Society,,,18,9,1993-2011,https://doi.org/10.1177/1461444815575311,Citizenship,Politics,Network culture,Kony2012
Kostygina,Ganna,Tran,Hy,Binns,Steven,Szczypka,Glen,Emery,Sherry,Vallone,Donna,Hair,Elizabeth,2020,Boosting Health Campaign Reach and Engagement Through Use of Social Media Influencers and Memes,,,,Article (Journal),,,Social Media + Society,,,6,2,1-12,https://doi.org/10.1177/2056305120912475,Health,Social media,Influencers,
Kuipers,Giselinde,,,,,,,,,,,,,2005,"Where was King Kong when we needed him?"" Public discourse, digital disaster jokes, and the functions of laughter after 9/11",,US,,Article (Journal),,,The Journal of American Culture,,,28,1,70-84,https://doi.org/10.1111/j.1542-734X.2005.00155.x,Humour,Jokes,Sociology of humour,Laughter
Lynch,Aaron,,,,,,,,,,,,,1998,Thought Contagion: How Belief Spreads Through Society: The New Science of Memes: How Ideas Act Like Viruses,,,,Book,,,Basic Books,9780465084678,New York,,,,,Memetics,,,
McCosker,Anthony,Gerrard,Ysabel,,,,,,,,,,,2020,Hashtagging Depression on Instagram: Towards a More Inclusive Mental Health Research Methodology,Instagram,,,Article (Journal),,,New Media & Society,,,23,7,1899-1919,https://doi.org/10.1177/1461444820921349,Mental health,Health,Methodology,Hashtags
McGrath,Jim,,,,,,,,,,,,,2019,Memes,,,,Handbook entry,The SAGE Handbook of Web History,"Niels Brügger, Ian Milligan",SAGE Publications,9781473980051,London,,,505-519,,Definitions,Digital culture,Web history,
Merrill,Samuel,,,,,,,,,,,,,2020,Sweden Then vs. Sweden Now,Facebook,Sweden,,Article (Journal),,,First Monday,,,25,6,,https://doi.org/10.5210/fm.v25i6.10552,Politics,Far-right ,Discourse,Rhetoric
Mihailidis,Paul,Viotty,Samantha,,,,,,,,,,,2017,"Spreadable spectacle in digital culture: Civic expression, fake news, and the role of media literacies in ""post-fact"" society",,,,Article (Journal),,,American Behavioral Scientist,,,61,4,441-454,https://doi.org/10.1177/0002764217701217,Digital culture,Fake news,Media literacy,Civic expression
Miltner,Kate,Highfield,Tim,,,,,,,,,,,2017,Never Gonna GIF You Up: Analyzing the Cultural Significance of the Animated GIF,,,,Article (Journal),,,Social Media + Society,,,3,3,1-11,https://doi.org/10.1177/2056305117725223,GIF,Digital culture,Web history,
Mina,An Xiao,,,,,,,,,,,,,2019,Memes to Movements: How the World’s Most Viral Media Is Changing Social Protest and Power,,,,Book,,,Beacon Press,9780807056585,Boston,,,,,Social movements,Politics,Civic expression,Resistance
Moody-Ramirez,Mia,Church,Andrew B.,,,,,,,,,,,2019,Analysis of Facebook Meme Groups Used During the 2016 US Presidential Election,Facebook,US,,Article (Journal),,,Social Media + Society,,,5,1,1-11,https://doi.org/10.1177/2056305118808799,Social media,Politics,Civic expression,Content analysis
Moreno-Almeida,Cristina,,,,,,,,,,,,,2020,Memes as Snapshots of Participation: The Role of Digital Amateur Activists in Authoritarian Regimes,,,,Article (Journal),,,New Media & Society,,,23,6,1545-1566,https://doi.org/10.1177/1461444820912722,Digital culture,Civic expression,Resistance,Digital culture
Moritz,Elan,,,,,,,,,,,,,1990,Memetic Science: I - General Introduction,,,,Article (Journal),,,Journal of Ideas,,,1,1,3-23,http://archsix.com/omega23.com/Journal_of_Ideas/Moritz_Memetic_Science_1990.pdf,Memetics,Epistemology,Metaphysics,
Nelson-Field,Karen,Riebe,Erica,Newstead,Kellie,,,,,,,,,2013,The emotions that drive viral video,,,,Article (Journal),,,Australasian Marketing Journal,,,21,4,205-211,https://doi.org/10.1016/j.ausmj.2013.07.003,Marketing,Virality,Viral videos,Emotions
Ngwira,Emmanuel,Lipenga,Ken Junior,,,,,,,,,,,2018,A Country Laughing at Itself: Malawian Humor in the Digital Age,,Malawi,,Article (Journal),,,English Studies in Africa,,,61,2,21-35,https://doi.org/10.1080/00138398.2018.1540156,Humour,Jokes,Parody,Civic expression
