1,Meme factory cultures and content pivoting in Singapore and Malaysia during COVID-19,2020,NULL,NULL,Harvard Kennedy School Misinformation Review,NULL,NULL,NULL,NULL,NULL,https://misinforeview.hks.harvard.edu/article/meme-factory-cultures-and-content-pivoting-in-singapore-and-malaysia-during-covid-19/,NULL,Article (Journal)
2,When High and Pop Culture (Re)Mix: An Inquiry into the Memetic Transformations of Artwork,2019,NULL,NULL,New Media & Society,NULL,NULL,21,10,2283-2304,https://doi.org/10.1177/1461444819845917,NULL,Article (Journal)
3,"Communicating Graphically: Mimesis, Visual Language, and Commodification as Culture",2017,NULL,NULL,Cultural Politics,NULL,NULL,13,1,81-100,https://doi.org/10.1215/17432197-3755204,NULL,Article (Journal)
4,‘My Life Is a Mess: Self-Deprecating Relatability and Collective Identities in the Memification of Student Issues,2018,NULL,NULL,"Information, Communication & Society ",NULL,NULL,21,6,834-50,https://doi.org/10.1080/1369118X.2018.1437204,NULL,Article (Journal)
5,From Symbolic Values to Symbolic Innovation: Internet-Memes and Innovation,2018,NULL,NULL,Research Policy,NULL,NULL,47,5,901-10,https://doi.org/10/gdn35z,NULL,Article (Journal)
6,Remediation: Understanding New Media,1999,NULL,NULL,MIT Press,9780262522793,Cambridge,NULL,NULL,NULL,NULL,NULL,Book
7,Reviving icons to death: when historic photographs become digital memes,2017,NULL,NULL,"Media, Culture & Society",NULL,NULL,39,8,1210-1230,https://doi.org/10.1177/0163443717690818,NULL,Article (Journal)
8,"Multimodal Communication on Tumblr: "" I Have So Many Feels !""",2014,NULL,NULL,Proceedings of the 2014 ACM Conference on Web Scienc,NULL,NULL,NULL,NULL,171-75,https://doi.org/10.1145/2615569.2615697,Tumblr,Conference Proceedings
9,When Ethnic Humour Goes Digital,2015,NULL,NULL,New Media & Society,NULL,NULL,17,4,520-39,https://doi.org/10.1177/1461444813506972,NULL,Article (Journal)
10,Memes against Sexism? A Multi-Method Analysis of the Feminist Protest Hashtag #distractinglysexy and Its Resonance in the Mainstream News Media,2019,NULL,NULL,Convergence,NULL,NULL,26,3,NULL,https://doi.org/10.1177/1354856519827804,NULL,Article (Journal)
11,"""By Any Memes Necessary"": Exploring the Intersectional Politics of Feminist Memes on Instagram",2017,NULL,NULL,"MA Dissertation, University of Uppsala",NULL,NULL,NULL,NULL,NULL,NULL,Instagram,MA Dissertation
12,Virus of the Mind: The New Science of the Meme,2009,NULL,NULL,Hay House,NULL,NULL,NULL,NULL,NULL,NULL,NULL,Book
13,One Does Not Simply Meme about Organizations: Exploring the Content Creation Strategies of User-Generated Memes on Imgur,2018,NULL,NULL,Public Relations Review,NULL,NULL,44,5,741-51,https://doi.org/10/gf8wfw,Imgur,Article (Journal)
14,"Look at Us, We Have Anxiety: Youth, Memes, and the Power of Online Cultural Politic",2019,NULL,NULL,Journal of Childhood Studies,NULL,NULL,NULL,NULL,3-17,https://doi.org/10/gf8762,NULL,Article (Journal)
15,Internet Memes as Internet Signs: A Semiotic View of Digital Culture,2016,NULL,NULL,Sign Systems Studies,NULL,NULL,44,4,562,https://doi.org/10.12697/SSS.2016.44.4.05,NULL,Article (Journal)
16,Trolling: Who Does It and Why?,2011,NULL,NULL,BBC,NULL,NULL,NULL,NULL,NULL,https://www.bbc.com/news/magazine-14898564,NULL,Article (News)
17,The Costs of Connection: How Data Is Colonizing Human Life and Appropriating It for Capitalism,2019,NULL,NULL,Stanford University Press,NULL,Stanford,NULL,NULL,NULL,NULL,NULL,Book
18,The Language of Internet Memes,2012,The Social Media Reader,Michael Mandiberg,New York University Press,NULL,New York,NULL,NULL,120-34,NULL,NULL,Book Chapter
19,Memes and symbolic violence: #proudboys and the use of memes for propaganda and the construction of collective identity,2018,NULL,NULL,"Learning, Media and Technology",NULL,NULL,43,4,485-504,https://doi.org/10.1080/17439884.2018.1544149,NULL,Article (Journal)
20,"Internet Memes and Society: Social Cultural, and Political Contexts",2020,NULL,NULL,Routledge,NULL,New York,NULL,NULL,NULL,https://doi.org/10.4324/9780429469404,NULL,Book
21,Constructions as Memes–Interactional Function as Cultural Convention beyond the Words,2013,"Beyond Words : Content, Context, and Inference","Frank Liedtke, Cornelia Schulze",Mouton Series on Pragmatics,NULL,Boston,NULL,NULL,283-305,NULL,NULL,Book Chapter
22,Cognitive Mechanisms and Emergent Grammatical Features in Internet Memes,2018,NULL,NULL,Linguistics Beyond and Within,NULL,NULL,4,NULL,22-37,NULL,NULL,Article (Journal)
23,On the Interaction of Core and Emergent Common Ground in Internet Memes,2019,NULL,NULL,Internet Pragmatics,NULL,NULL,3,2,223-59,https://doi.org/10.1075/ip.00033.die,NULL,Article (Journal)
24,Girls’ ‘Pain Memes’ on YouTube: The Production of Pain and Femininity in a Digital Network,2015,NULL,NULL,Ashgate ,9780367599690,Farnham,1,NULL,NULL,https://www-taylorfrancis-com.ezp.lib.cam.ac.uk/chapters/edit/10.4324/9781315545998-16/girls-pain-memes-youtube-production-pain-femininity-digital-network-amy-shields-dobson?context=ubx&refId=fa88805e-272b-455a-b2a7-d48e3c6bc47c,YouTube,Book chapter
25,Cracking Jokes: Studies of Sick Humor Cycles & Stereotypes,1987,NULL,NULL,Ten Speed Press,NULL,Berkeley,NULL,NULL,NULL,NULL,NULL,Book
26,Media Transformation: The Transfer of Media Characteristics among Media,2014,NULL,NULL,Palgrave Macmillan,9781137474254,NULL,NULL,NULL,NULL,NULL,NULL,Book
27,"""No Prejudice Here"": Examining Social Identity Work in Starter Pack Memes",2018,NULL,NULL,Social Media + Society ,NULL,NULL,4,2,NULL,https://doi.org/10.1177/2056305118768811,NULL,Article (Journal)
28,"Memes, Genes, and Signs: Semiotics in the Conceptual Interface of Evolutionary Biology and Memetics",2019,NULL,NULL,Semiotica,NULL,NULL,230,NULL,327-40,https://doi.org/10/gf8wjr,NULL,Article (Journal)
29,Indigenous Memes and the Invention of a People,2017,NULL,NULL,Social Media + Society,NULL,NULL,3,4,NULL,https://doi.org/10.1177/2056305117738993,NULL,Article (Journal)
30,The Virtual Window: From Alberti to Microsoft,2009,NULL,NULL,MIT Press,9780262512503,Cambridge,NULL,NULL,NULL,NULL,NULL,Book
31,"""It Gets Better"": Internet Memes and the Construction of Collective Identity",2016,NULL,NULL,New Media & Society,NULL,NULL,18,8,1698-1714,https://doi.org/10.1177/1461444814568784,NULL,Article (Journal)
32,GothShakira: High Priestess of Dank Feminist Memery,2016,NULL,NULL,Canadian Art,NULL,NULL,NULL,NULL,NULL,https://canadianart.ca/interviews/gothshakira-intersectional-feminist-memes/,Instagram,Interview
33,"""Written in These Scars Are the Stories I Can’t Explain"": A Content Analysis of pro-Ana and Thinspiration Image Sharing on Instagram",2018,NULL,NULL,New Media & Society,NULL,NULL,20,3,1181-1200,https://doi.org/10.1177/1461444816687288,Instagram,Article (Journal)
34,Still Life with Rhetoric: A New Materialist Approach for Visual Rhetorics,2015,NULL,NULL,University Press of Colorado,NULL,NULL,NULL,NULL,NULL,https://muse.jhu.edu/book/38617,NULL,Book
35,Strategic Framing and Social Media Engagement: Analyzing Memes Posted by the German Identitarian Movement on Facebook,2020,NULL,NULL,Social Media + Society,NULL,NULL,6,1,NULL,https://doi.org/10.1177/2056305119898777,Facebook,Article (Journal)
36,Persuasion through bitter humor: Multimodal discourse analysis of rhetoric in internet memes of two far-right groups in Finland,2020,NULL,NULL,Social Media + Society,NULL,NULL,NULL,NULL,1-11,https://doi.org/10.1177/2056305120921575,NULL,Article (Journal)
37,Walter Benja-Memes,2019,NULL,NULL,GeoHumanities,NULL,NULL,5,2,496-513,https://doi.org/10.1080/2373566X.2019.1624188,NULL,Article (Journal)
38,"""Kim Davis be like ... "": a feminist critique of gender humor in online political memes",2018,NULL,NULL,"Information, Communication & Society ",NULL,NULL,23,7,1057-73,NULL,NULL,Article (Journal)
39,"On the Uses of Fairy Dust: Contagion, Sorcery and the Crafting of Other Worlds",2018,NULL,NULL,Culture and Organization,NULL,NULL,24,3,179-95,https://doi.org/10/gf8wfx,NULL,Article (Journal)
40,#gainingweightiscool: the use of transformation photos on Instagram among female weightlifters in recovery from eating disorders,2020,NULL,NULL,"Qualitative Research in Sport, Exercise and Health",NULL,NULL,13,1,94-112,https://doi.org/10.1080/2159676X.2020.1836511,Instagram,Article (Journal)
41,Subversive Memes: Internet Memes as a Form of Visual Rhetoric,2013,NULL,NULL,AoIR Selected Papers of Internet Research,NULL,NULL,NULL,NULL,NULL,https://spir.aoir.org/ojs/index.php/spir/article/view/8886,NULL,Article (Journal)
42,Remix and the Dialogic Engine of Culture: A Model for Generative Combinatoriality,2015,The Routledge Companion to Remix Studies,"Eduardo Navas, Owen Gallagher, Xtine Burrough",Routledge,NULL,New York,NULL,NULL,15-41,NULL,NULL,Book Chapter
43,The Modes of Visual Rhetoric: Circulating Memes as Expressions,2014,NULL,NULL,Quarterly Journal of Speech ,NULL,NULL,100,4,442-66,https://doi.org/10.1080/00335630.2014.989258,NULL,Article (Journal) 
44,"""Brussels Will Land on Its Feet like a Cat"": Motivations for Memefying #Brusselslockdown",2020,NULL,NULL,"Information, Communication & Society",NULL,NULL,23,1,59-75,https://doi.org/10.1080/1369118X.2018.1486866,NULL,Article (Journal)
45,Exploring Local Meaning-Making Resources: A Case Study of a Popular Chinese Internet Meme (Biaoqingbao),2019,NULL,NULL,Internet Pragmatics,NULL,NULL,3,2,260-82,https://doi.org/10/ggdjxs,NULL,Article (Journal)
46,By Any Memes Necessary: This Art Exhibit Takes Feminist Internet Culture From URL To IRL,2017,NULL,NULL,Bust,NULL,NULL,NULL,NULL,NULL,https://bust.com/arts/19045-meme-art-exhibit.html,Instagram,Article (Digital Magazine)
47,"Sociality and Classification: Reading Gender, Race, and Class in a Humorous Meme",2016,NULL,NULL,Social Media + Society,NULL,NULL,4,NULL,NULL,https://doi.org/10.1177/2056305116672884,NULL,Article (Journal)
48,Making Sense? The Structure and Meanings of Digital Memetic Nonsense,2017,NULL,NULL,"Information, Communication & Society ",NULL,NULL,20,6,825-42,https://doi.org/10.1080/1369118X.2017.1291702,NULL,Article (Journal)
49,Memes versus Signs: On the Use of Meaning Concepts about Nature and Culture,2008,NULL,NULL,Semiotica,NULL,NULL,171,NULL,215-237,https://doi.org/10/bpdw2f,NULL,Article (Journal)
50,Tiger King’s Meme-Ification of White Grievance and the Normalization of Misogyny,2020,NULL,NULL,"Communication, Culture and Critique",NULL,NULL,NULL,NULL,NULL,https://doi.org/10/ghp32v,NULL,Article (Journal)
51,Meme-Tracking and the Dynamics of the News Cycle,2009,NULL,NULL,Proceedings of the 15th ACM SIGKDD International Conference on Knowledge Discovery and Data Mining,NULL,New York,NULL,NULL,497-506,https://doi.org/10/dp59g8,NULL,Conference Proceedings
52,"Race/Gender/Class/Media: Considering Diversity across Audiences, Content and Producers",2019,NULL,NULL,Routledge,NULL,Abingdon,NULL,NULL,NULL,NULL,NULL,Book
53,Youth Collective Political Expression on Social Media: The Role of Affordances and Memetic Dimensions for Voicing Political Views,2019,NULL,NULL,New Media & Society ,NULL,NULL,21,9,1988-2009,https://doi.org/10.1177/1461444819837571,NULL,Article (Journal)
54,"Buy Memes Low, Sell Memes High: Vernacular Criticism and Collective Negotiations of Value on Reddit’s MemeEconomy",2019,NULL,NULL,"Information, Communication & Society",NULL,NULL,22,2,232-49,https://doi.org/10.1080/1369118X.2017.1366540,Reddit,Article (Journal)
55,The Language of New Media,2001,NULL,NULL,MIT Press,9780262133746,Cambridge,NULL,NULL,NULL,NULL,NULL,Book
56,Software Takes Command: Extending the Language of New Media,2013,NULL,NULL,Bloomsbury,9781623568177,New York,NULL,NULL,NULL,https://www.academia.edu/542750/Software_Takes_Command,NULL,Book
57,Cultural Analytics,2020,NULL,NULL,MIT Press,NULL,Cambridge,NULL,NULL,NULL,NULL,NULL,Book
58,The Problem of Modern Monetization of Memes: How Copyright Law Can Give Protection to Meme Creators,2020,NULL,NULL,"Pace Intellectual Property, Sports & Entertainment Law Forum",NULL,NULL,9,61,NULL,NULL,NULL,Article (Journal)
59,"""Come for the Period Comics. Stay for the Cultural Awareness"": Reclaiming the Troll Identity through Feminist Humor on Reddit’s /r/TrollXChromosomes",2019,NULL,NULL,Feminist Media Studies,NULL,NULL,19,1,19-37,https://doi.org/10.1080/14680777.2017.1414863,Reddit,Article (Journal)
60,Attack of the 50-foot social justice warrior: The discursive construction of SJW memes as monstrous feminine,2018,NULL,NULL,Feminist Media Studies,NULL,NULL,18,4,525-42,https://doi.org/10.1080/14680777.2018.1447333,NULL,Article (Journal)
61,Modern Problems Require Modern Solutions: Internet Memes and Copyright,2019,NULL,NULL,Texas Law Review,NULL,NULL,98,405,NULL,NULL,NULL,Article (Journal)
62,"‘This Is NOT a #humblebrag, This Is Just a #brag’: The Pragmatics of Self-Praise, Hashtags and Politeness in Instagram Posts",2018,NULL,NULL,"Discourse, Context & Media ",NULL,NULL,22,NULL,30-8,https://doi.org/10/gdcbbq,Instagram,Article (Journal)
63,Feminist Humour: Rebellious and Self-affirming,1988,NULL,NULL,Women's Studies,NULL,NULL,15,4,271-80,https://doi.org/10.1080/00497878.1988.9978732,NULL,Article (Journal)
64,"Copyright, Transformativeness, and Protection for Internet Memes",2020,NULL,NULL,Journalism & Mass Communicaton Quarterly,NULL,NULL,98,1,37-58,https://doi.org/10/ghcnfh,NULL,Article (Journal)
65,The World Made Meme: Public Conversations and Participatory Media,2016,NULL,NULL,MIT Press,NULL,Cambridge,NULL,NULL,NULL,NULL,NULL,Book
66,"""There’s No Place for Lulz on LOLCats"": The Role of Genre, Gender, and Group Identity in the Interpretation and Enjoyment of an Internet Meme",2014,NULL,NULL,First Monday,NULL,NULL,19,8,NULL,https://doi.org/10.5210/fm.v19i8.5391,NULL,Article (Journal)
67,Remix Theory: The Aesthetics of Sampling,2012,NULL,NULL,Springer,9783990434994,New York,NULL,NULL,NULL,NULL,NULL,Book
68,Modular Complexity and Remix: The Collapse of Time and Space into Search,2013,NULL,NULL,Anthrovision,NULL,NULL,1,1,NULL,https://doi.org/10.4000/anthrovision.324,NULL,Article (Journal)
69,Querying ‘Karen’: The Rise of the Angry White Woman,2020,NULL,NULL,European Journal of Cultural Studies,NULL,NULL,NULL,NULL,NULL,https://doi.org/10/gg8t8r,NULL,Article (Journal)
70,Meme Templates as Expressive Repertoires in a Globalizing World: A Cross-Linguistic Study,2018,NULL,NULL,Journal of Computer-Mediated Communication,NULL,NULL,23,5,294-310,https://doi.org/10.1093/jcmc/zmy016,NULL,Article (Journal)
71,Internet Memes as Contested Cultural Capital: The Case of 4chan’s /b/ Board,2017,NULL,NULL,New Media & Society,NULL,NULL,19,4,483-501,https://doi.org/10.1177/1461444815609313,4chan,Article (Journal)
72,Disturbing Hegemonic Discourse: Nonbinary Gender and Sexual Orientation Labeling on Tumblr,2016,NULL,NULL,Social Media + Society,NULL,NULL,2,3,NULL,https://doi.org/10.1177/2056305116664217,Tumblr,Article (Journal)
73,Liking as Taste Making: Social Media Practices as Generators of Aesthetic Valuation and Distinction,2020,NULL,NULL,New Media & Society,NULL,NULL,NULL,NULL,NULL,https://doi.org/10.1177/146144482093945,NULL,Article (Journal)
74,When Paper Goes Viral: Handmade Signs as Vernacular Materiality in Digital Space,2020,NULL,NULL,International Journal of Communication,NULL,NULL,14,23,NULL,https://ijoc.org/index.php/ijoc/article/view/10965,NULL,Article (Journal)
75,‘It’s So Hard Not to Be Funny in This Situation’: Memes and Humor in U.S. Youth Online Political Expression.,2019,NULL,NULL,Television & New Media,NULL,NULL,NULL,NULL,NULL,https://doi.org/10/ggcvgd,NULL,Article (Journal)
76,"Punishing Brady, redeeming Brady: a fantasy theme analysis of memes from the 2015 Deflategate controversy",2019,NULL,NULL,Atlantic Journal of Communication,NULL,NULL,27,3,153-68,https://doi.org/10.1080/15456870.2019.1610761,NULL,Article (Journal)
77,"The Ambivalent Internet: Mischief, Oddity, and Antagonism Online",2017,NULL,NULL,Polity ,NULL,Cambridge,NULL,NULL,NULL,NULL,NULL,Book
78,Chronotopic Representations as an Effect of Individuation: The Case of the European Migrant Crisis,2019,NULL,NULL,Language in Society,NULL,NULL,NULL,NULL,1-27,https://doi.org/10/ggc3qp,NULL,Article (Journal)
79,A Chronotopic Approach to Identity Performance in a Facebook Meme Page,2018,NULL,NULL,"Discourse, Context & Media ",NULL,NULL,25,NULL,78-87,https://doi.org/10/gf8wg5,Facebook,Article (Journal)
80,Doing Feminism in the Network: Networked Laughter and the ‘Binders Full of Women’ Meme,2015,NULL,NULL,Feminist Theory,NULL,NULL,16,3,329-59,https://doi.org/10/f7z3wh,NULL,Article (Journal)
81,"""Fuck Your Body Image"": Teen Girls’ Twitter and Instagram Feminism in and Around School",2016,Learning Bodies,"Julia Coffey, Shelley Budgeon, Helen Cahil",Springer,NULL,Singapore,NULL,NULL,85-103,https://doi.org/10.1007/978-981-10-0306-6_6,Instagram,Book Chapter
82,Networked Art,2001,NULL,NULL,University of Minnesota Press,9780816637072,Minneapolis,NULL,NULL,NULL,https://www.upress.umn.edu/book-division/books/networked-art,NULL,Book
83,Memes Memes the Relatable Fruit,2020,NULL,NULL,"Pidgin, Princeton University School of Architecture",NULL,NULL,26,NULL,NULL,NULL,NULL,Article (Journal)
84,"""Liking"" as Creating: On Aesthetic Category Memes",2020,NULL,NULL,New Media & Society ,NULL,NULL,22,1,26-48,https://doi.org/10.1177/1461444819855727,NULL,Article (Journal)
85,Neither Meme nor Viral: The Circulationist Semiotics of Vernacular Content,2016,NULL,NULL,Lexia: Rivista Di Semiotica,NULL,NULL,NULL,NULL,NULL,https://doi.org/10.4399/978882550315926,NULL,Article (Journal)
86,The Cultural Logic of Photo-Based Meme Genres ,2014,NULL,NULL,Journal of Visual Culture,NULL,NULL,13,3,340-358,https://doi.org/10.1177/1470412914546577,NULL,Article (Journal) 
87,"""Mars and Venus"" in Virtual Space: Post-Feminist Humor and the Internet",2011,NULL,NULL,Critical Studies in Media Communication,NULL,NULL,28,3,253-73,https://doi.org/10.1080/15295036.2010.522589,NULL,Article (Journal)
88,Weaponized iconoclasm in Internet memes featuring the expression ‘Fake News',2019,NULL,NULL,Discourse & Communication,NULL,NULL,13,3,303-19,https://doi.org/10.1177/1750481319835639,NULL,Article (Journal)
89,"Memes, Digital Remix Culture and (Re)Mediating British Politics and Public Life",2019,NULL,NULL,IPPR Progressive Review,NULL,NULL,26,2,151-60,https://doi.org/10.1111/newe.12155,NULL,Article (Journal)
90,Good Artists Copy; Great Artists Steal: Reflections on Cut-Copy-Paste Culture,2015,The Routledge Companion to Remix Studies,"Eduardo Navas, Owen Gallagher, Xtine Burrough",Routledge,NULL,New York,NULL,NULL,54-63,NULL,NULL,Book Chapter
91,Freax: The Brief History of the Computer Demoscene,2005,NULL,NULL,CSW-Verlag,9783981049404,Winnenden,NULL,NULL,NULL,NULL,NULL,Book
92,Sick Bunnies and Pocket Dumps: ‘Not-Selfies’ and the Genre of Self-Representation,2017,NULL,NULL,Popular Communication,NULL,NULL,15,2,141-53, https://doi.org/10/ggbs47,NULL,Article (Journal)
93,(((They))) Rule: Memetic Antagonism and Nebulous Othering on 4chan,2020,NULL,NULL,New Media & Society,NULL,NULL,22,12,2218-37,https://doi.org/10.1177/1461444819888746,4chan,Article (Journal)
94,"Conviviality and Collectives on Social Media: Virality, Memes, and New Social Structures",2015,NULL,NULL,Multilingual Margins: A Journal of Multilingualism from the Periphery,NULL,NULL,2,1,31-45,https://doi.org/10/ggff7p,NULL,Article (Journal)
95,"Memes and Recombinant Appropriation: Remix, Mashup, Parody",2017,The Oxford Handbook of Adaptation Studies,Thomas M. Leitch,Oxford University Press,NULL,New York,NULL,NULL,286-302,NULL,NULL,Book Chapter
96,"Memes, GIFs, and Remix Culture: Compact Appropriation in Everyday Digital Life",2017,The Routledge Companion to Adaptation,"Dennis R. Cutchins, Katja Krebs, Eckart Voigts-Virchow",Routledge,NULL,New York,NULL,NULL,390-403,NULL,NULL,Book Chapter
97,"This Insider Meme Account Mercilessly Trolls the Art World: Artists, Collectors and Especially Gallery Interns Are Not Safe from the Satire of @jerrygogosian",2019,NULL,NULL,Sleek-Mag,NULL,NULL,NULL,NULL,NULL,https://www.sleek-mag.com/article/jerry-gogosian/,NULL,Article (Digital Magazine)
98,"The Selfish Meme: Dawkins, Peirce, Freud",2020,NULL,NULL,Semiotica,NULL,NULL,NULL,NULL,NULL,https://doi.org/10/ghgchn,NULL,Article (Journal)
99,Memes as Genre: A Structurational Analysis of the Memescape,2015,NULL,NULL,New Media & Society,NULL,NULL,17,11,1886-1906,https://doi.org/10.1177/1461444814535194,NULL,Article (Journal)
100,Boogaloo and Civil War 2: Memetic Antagonism in Expressions of Covert Activism,2020,NULL,NULL,New Media & Society,NULL,NULL,NULL,NULL,NULL,https://doi.org/10.1177/1461444820945317,NULL,Article (Journal)
101,Racial microaggressions and perceptions of internet memes,2016,NULL,NULL,Computers in Human Behaviour,NULL,NULL,63,NULL,424-34,http://dx.doi.org/10.1016/j.chb.2016.05.067,NULL,Article (Journal)
102,The Networked Practice of Online Political Satire in China: Between Ritual and Resistance,2015,NULL,NULL,International Communication Gazette,NULL,NULL,77,3,215-31,https://doi.org/10.1177/1748048514568757,NULL,Article (Journal)
103,Identity-Related Issues in Meme Communication,2018,NULL,NULL,Internet Pragmatics,NULL,NULL,1,1,113-33,https://doi.org/10/gf8wff,NULL,Article (Journal)
104,Multimodality in Memes: A Cyberpragmatic Approach,2019,Analyzing Digital Discourse: New Insights and Future Directions,"Patricia Bou-Franch, Pilar Garcés-Conejos Blitvich",Springer International Publishing,NULL,NULL,NULL,NULL,205-31,https://doi.org/10.1007/978-3-319-92663-6_4,NULL,Book Chapter
105,Positive Non-Humorous Effects of Humor on the Internet,2018,The Dynamics of Interactional Humor: Creating and negotiating humor in everyday encounters,"Villy Tsakona, Jan Chovane",John Benjamins Publishing Company,NULL,NULL,NULL,NULL,283-304,https://doi.org/10.1075/thr.7,NULL,Book Chapter
106,Pragmatics of Humour in Memes in Spanish,2019,NULL,NULL,Spanish in Context,NULL,NULL,18,1,113-35,https://doi.org/10.1075/sic.00070.yus,NULL,Article (Journal)
107,"‘#OkBoomer, time to meet the Zoomers’: studying the memefication of intergenerational politics on TikTok",2021,NULL,NULL,"Information, Communication & Society",NULL,NULL,0,0,1-23,https://doi.org/10.1080/1369118X.2021.1961007,TikTok,Article (Journal)
108,Extending the Internet meme: Conceptualizing technological mimesis and imitation publics on the TikTok platform,2020,NULL,NULL,New Media & Society,NULL,NULL,0,0,1-19,https://doi.org/10.1177/1461444820983603,TikTok,Article (Journal)
109,Communicating Mixed Messages about Religion through Internet Memes,2017,NULL,NULL,"Information, Communication & Society",NULL,NULL,20,10,1498-1520,https://doi.org/10.1080/1369118X.2016.1229004,NULL,Article (Journal)
110,From Counter-Power to Counter-Pepe: The Vagaries of Participatory Epistemology in a Digital Age,2018,NULL,NULL,Media and Communication,NULL,NULL,6,4,24,https://doi.org/10.17645/mac.v6i4.1492,NULL,Article (Journal)
111,Darwinizing Culture: The Status of Memetics as a Science,2000,NULL,NULL,Oxford University Press,NULL,New York,NULL,NULL,NULL,NULL,NULL,Book
112,Revenge by Photoshop: Memefying Police Acts in the Public Dialogue about Injustice,2016,NULL,NULL,New Media & Society,NULL,NULL,18,6,1006-1026,https://doi.org/10.1177/1461444814554747,NULL,Article (Journal)
113,"The Dissonance of ""Civil"" Religion in Religious-Political Memetic Discourse During the 2016 Presidential Elections",2018,NULL,NULL,Social Media + Society,NULL,NULL,4,2,1-15,https://doi.org/10.1177/2056305118782678,NULL,Article (Journal)
114,Crowding Out Memetic Explanation,2020,NULL,NULL,Philosophy of Science,NULL,NULL,87,5,1160-1171,https://doi.org/10/gg4shj ,NULL,Article (Journal)
115,Defining and characterizing the concept of Internet Meme,2013,NULL,NULL,Revista CES Psicología,NULL,NULL,6,2,82-104,https://www.redalyc.org/pdf/4235/423539422007.pdf,NULL,Article (Journal)
116,The role of internet memes in shaping young people’s health-related social media interactions,2019,"Young People, Social Media and Health","Victoria A. Goodyear, Kathleen M. Armour",Routledge,9780367664671,London,NULL,NULL,162-176,NULL,NULL,Book Chapter
117,The Empire Tweets Back? #HumanitarianStarWars and Memetic Self-Critique in the Aid Industry,2019,NULL,NULL,Social Media + Society,NULL,NULL,5,4,1-13, https://doi.org/10.1177/2056305119888655,NULL,Article (Journal)
118,Updating to Remain the Same: Habitual New Media,2016,NULL,NULL,MIT Press,9780262534727,Cambridge,NULL,NULL,NULL,NULL,NULL,Book
119,Jokes and Targets,2011,NULL,NULL,Indiana University Press,9780253223029,Bloomington ,NULL,NULL,NULL,NULL,NULL,Book
120,"You Can't Run Your SUV on Cute. Let's Go!"": Internet Memes as Delegitimizing Discourse",2016,NULL,NULL,Environmental Communication,NULL,NULL,10,1,62-83,https://doi.org/10.1080/17524032.2014.991411,NULL,Article (Journal)
121,Who Would Jesus Bomb? The Republican Jesus Meme and the Fracturing of Ideology,2016,NULL,NULL,Social Media + Society,NULL,NULL,2,1,1-12,https://doi.org/10.1177/2056305116637095,NULL,Article (Journal)
122,"""I drink liberal tears"": genre, desire and the leaky liberal body",2017,NULL,NULL,Feminist Media Studies,NULL,NULL,17,3,516-520,https://doi.org/10.1080/14680777.2017.1304718,NULL,Commentary and Criticism
123,Digital Memory and the Archive,2012,NULL,Jussi Parikka,University of Minnesota Press,9780816677672,Minneapolis,NULL,NULL,NULL,NULL,NULL,Book
124,Turning a Communist Party Leader into an Internet Meme: The Political and Apolitical Aspects of China’s Toad Worship Culture,2020,NULL,NULL,"Information, Communication & Society",NULL,NULL,23,1,38-58,https://doi.org/10.1080/1369118X.2018.1485722,NULL,Article (Journal)
125,News via Voldemort: Parody Accounts in Topical Discussions on Twitter,2016,NULL,NULL,New Media & Society,NULL,NULL,18,9,2028-2045,https://doi.org/10.1177/1461444815576703,Twitter,Article (Journal)
126,The Post and the Grab: Instagram Memes and Affective Labour,2018,Youth Mediations and Affective Relations,"Susan Driver, Natalie Coulter",Palgrave Macmillan,9783319989716,NULL,NULL,NULL,155-174,https://doi.org/10.1007/978-3-319-98971-6_10,Instagram,Book chapter
127,The Naked Meme,1982,"Learning, Development and Culture: Essays in Evolutionary Epistemology",H.C. Plotkin,Wiley-Blackwell,9780471102199,NULL,NULL,NULL,NULL,NULL,NULL,Book chapter
128,Partisan cues and internet memes: Early evidence for motivated skepticism in audience message processing of spreadable political media,2020,NULL,NULL,Atlantic Journal of Communication,NULL,NULL,28,3,194-208,https://doi.org/10.1080/15456870.2019.1614589,NULL,Article (Journal)
129,Pepper Spray Cop and the American Dream: Using Synecdoche and Metaphor to Unlock Internet Memes,2016,NULL,NULL,Communication Studies,NULL,NULL,67,1,77-93,https://doi.org/10.1080/10510974.2015.1087414,NULL,Article (Journal)
130,Leftist Memes Are Everywhere on Instagram. Now Their Creators Are Unionizing,2019,NULL,NULL,Vox,NULL,NULL,NULL,NULL,NULL,https://www.vox.com/the-goods/2019/4/22/18507941/instagram-meme-union,Instagram,Article (Digital Magazine)
131,By Any Memes Necessary: This Art Exhibit Takes Feminist Internet Culture From URL To IRL,2017,NULL,NULL,Bust,NULL,NULL,NULL,NULL,NULL,https://bust.com/arts/19045-meme-art-exhibit.html,NULL,Article (Digital Magazine)
132,"Good Citizenship as a Frame Contest: Kony2012, Memes, and Critiques of the Networked Citizen",2016,NULL,NULL,New Media & Society,NULL,NULL,18,9,1993-2011,https://doi.org/10.1177/1461444815575311,NULL,Article (Journal)
133,Boosting Health Campaign Reach and Engagement Through Use of Social Media Influencers and Memes,2020,NULL,NULL,Social Media + Society,NULL,NULL,6,2,1-12,https://doi.org/10.1177/2056305120912475,NULL,Article (Journal)
134,"Where was King Kong when we needed him?"" Public discourse, digital disaster jokes, and the functions of laughter after 9/11",2005,NULL,NULL,The Journal of American Culture,NULL,NULL,28,1,70-84,https://doi.org/10.1111/j.1542-734X.2005.00155.x,NULL,Article (Journal)
135,Thought Contagion: How Belief Spreads Through Society: The New Science of Memes: How Ideas Act Like Viruses,1998,NULL,NULL,Basic Books,9780465084678,New York,NULL,NULL,NULL,NULL,NULL,Book
136,Hashtagging Depression on Instagram: Towards a More Inclusive Mental Health Research Methodology,2020,NULL,NULL,New Media & Society,NULL,NULL,23,7,1899-1919,https://doi.org/10.1177/1461444820921349,Instagram,Article (Journal)
137,Memes,2019,The SAGE Handbook of Web History,"Niels Brügger, Ian Milligan",SAGE Publications,9781473980051,London,NULL,NULL,505-519,NULL,NULL,Handbook entry
138,Sweden Then vs. Sweden Now,2020,NULL,NULL,First Monday,NULL,NULL,25,6,NULL,https://doi.org/10.5210/fm.v25i6.10552,Facebook,Article (Journal)
139,"Spreadable spectacle in digital culture: Civic expression, fake news, and the role of media literacies in ""post-fact"" society",2017,NULL,NULL,American Behavioral Scientist,NULL,NULL,61,4,441-454,https://doi.org/10.1177/0002764217701217,NULL,Article (Journal)
140,Never Gonna GIF You Up: Analyzing the Cultural Significance of the Animated GIF,2017,NULL,NULL,Social Media + Society,NULL,NULL,3,3,1-11,https://doi.org/10.1177/2056305117725223,NULL,Article (Journal)
141,Memes to Movements: How the World’s Most Viral Media Is Changing Social Protest and Power,2019,NULL,NULL,Beacon Press,9780807056585,Boston,NULL,NULL,NULL,NULL,NULL,Book
142,Analysis of Facebook Meme Groups Used During the 2016 US Presidential Election,2019,NULL,NULL,Social Media + Society,NULL,NULL,5,1,1-11,https://doi.org/10.1177/2056305118808799,Facebook,Article (Journal)
143,Memes as Snapshots of Participation: The Role of Digital Amateur Activists in Authoritarian Regimes,2020,NULL,NULL,New Media & Society,NULL,NULL,23,6,1545-1566,https://doi.org/10.1177/1461444820912722,NULL,Article (Journal)
144,Memetic Science: I - General Introduction,1990,NULL,NULL,Journal of Ideas,NULL,NULL,1,1,3-23,http://archsix.com/omega23.com/Journal_of_Ideas/Moritz_Memetic_Science_1990.pdf,NULL,Article (Journal)
145,The emotions that drive viral video,2013,NULL,NULL,Australasian Marketing Journal,NULL,NULL,21,4,205-211,https://doi.org/10.1016/j.ausmj.2013.07.003,NULL,Article (Journal)
146,A Country Laughing at Itself: Malawian Humor in the Digital Age,2018,NULL,NULL,English Studies in Africa,NULL,NULL,61,2,21-35,https://doi.org/10.1080/00138398.2018.1540156,NULL,Article (Journal)
